code,name,abbreviation
"908","SOIL SCIENCE","SOIL SCI"
"Medical Sciences - Medical School","622","MED SC-M"
"Management and Human Resources","236","M H R"
"Psychology","820","PSYCH"
"Agricultural and Applied Economics","108","A A E"
"History","448","HISTORY"
"Art Education (Department of Art)","176","ART ED"
"351","ENGLISH AS A SECOND LANGUAGE","ESL"
"230","HUMAN DEVELOPMENT AND FAMILY STUDIES","HDFS"
"352","ENGLISH","ENGL"
"231","GENERAL BUSINESS","GEN BUS"
"232","ACCOUNTING AND INFORMATION SYSTEMS","ACCT I S"
"112","BIOLOGICAL SYSTEMS ENGINEERING","BSE"
"233","FINANCE, INVESTMENT AND BANKING","FINANCE"
"Science and Technology Studies","875","STS"
"355","ENTOMOLOGY","ENTOM"
"476","HORTICULTURE","HORT"
"234","INFORMATION SYSTEMS","INFO SYS"
"Civil Society and Community Studies","247","CSCS"
"235","INTERNATIONAL BUSINESS","INTL BUS"
"Music-Performance","664","MUS PERF"
"Consumer Science","271","CNSR SCI"
"236","MANAGEMENT AND HUMAN RESOURCES","M H R"
"237","MARKETING","MARKETNG"
"359","DESIGN STUDIES","DS"
"238","OPERATIONS AND TECHNOLOGY MANAGEMENT","OTM"
"Asian Languages and Cultures","185","ASIAN"
"Botany","208","BOTANY"
"239","REAL ESTATE AND URBAN LAND ECONOMICS","REAL EST"
"912","SPANISH (SPANISH AND PORTUGUESE)","SPANISH"
"Portuguese (Spanish and Portuguese)","782","PORTUG"
"Comparative Biosciences","934","COMP BIO"
"Hebrew-Biblical","441","HEBR-BIB"
"Medieval Studies","633","MEDIEVAL"
"Emergency Medicine","330","EMER MED"
"Risk Management and Insurance","241","R M I"
"Human Development and Family Studies","230","HDFS"
"Hebrew-Modern","442","HEBR-MOD"
"480","HUMAN ONCOLOGY","H ONCOL"
"360","ENVIRONMENTAL STUDIES - GAYLORD NELSON INSTITUTE","ENVIR ST"
"240","CIVIL AND ENVIRONMENTAL ENGINEERING","CIV ENGR"
"Urban and Regional Planning","944","URB R PL"
"Gender and Women�s Studies","963","GEN&WS"
"120","LIFE SCIENCES COMMUNICATION","LSC"
"241","RISK MANAGEMENT AND INSURANCE","R M I"
"362","MOLECULAR AND ENVIRONMENTAL TOXICOLOGY","M&ENVTOX"
"242","ACTUARIAL SCIENCE","ACT SCI"
"244","CLASSICS","CLASSICS"
"Nursing","692","NURSING"
"Interdisciplinary Courses (Engineering)","496","INTEREGR"
"247","CIVIL SOCIETY AND COMMUNITY STUDIES","CSCS"
"Senior Medical Program","882","SR MED"
"Asian Languages and Cultures: Languages","186","ASIALANG"
"Design Studies","359","DS"
"Integrated Arts","495","INTEGART"
"Geoscience","420","GEOSCI"
"Oncology","700","ONCOLOGY"
"Biology","205","BIOLOGY"
"Engineering Physics","347","E P"
"490","INDUSTRIAL AND SYSTEMS ENGINEERING","I SY E"
"370","FAMILY MEDICINE","FAM MED"
"250","COMMUNICATION ARTS","COM ARTS"
"130","AGROECOLOGY","AGROECOL"
"252","COMMUNICATION SCIENCES AND DISORDERS","CS&D"
"494","INTERDISCIPLINARY COURSES (C A L S)","INTER-AG"
"Scandinavian Studies","872","SCAND ST"
"132","AGRONOMY","AGRONOMY"
"495","INTEGRATED ARTS","INTEGART"
"375","FARM & INDUSTRY SHORT COURSE","FISC"
"496","INTERDISCIPLINARY COURSES (ENGINEERING)","INTEREGR"
"498","INTERDISCIPLINARY COURSES (SOHE)","INTER-HE"
"810","POPULATION HEALTH SCIENCES","POP HLTH"
"932","STATISTICS","STAT"
"Linguistics","550","LINGUIS"
"934","COMPARATIVE BIOSCIENCES","COMP BIO"
"814","PSYCHIATRY","PSYCHIAT"
"936","SURGERY","SURGERY"
"938","SURGICAL SCIENCES","SURG SCI"
"Accounting and Information Systems","232","ACCT I S"
"Integrated Liberal Studies","500","ILS"
"380","FOLKLORE PROGRAM","FOLKLORE"
"260","COMPARATIVE LITERATURE","COMP LIT"
"140","AMERICAN INDIAN STUDIES","AMER IND"
"Statistics","932","STAT"
"Physics","754","PHYSICS"
"Medicine","632","MEDICINE"
"144","ANATOMY","ANATOMY"
"266","COMPUTER SCIENCES","COMP SCI"
"146","ANATOMY & PHYSIOLOGY","ANAT&PHY"
"148","ANESTHESIOLOGY","ANESTHES"
"Folklore Program","380","FOLKLORE"
"820","PSYCHOLOGY","PSYCH"
"Music","660","MUSIC"
"942","THEATRE AND DRAMA","THEATRE"
"700","ONCOLOGY","ONCOLOGY"
"Interdisciplinary Courses (L&S)","502","INTER-LS"
"Dance","741","DANCE"
"944","URBAN AND REGIONAL PLANNING","URB R PL"
"702","OPHTHALMOLOGY AND VISUAL SCIENCES","OPHTHALM"
"703","PATHO-BIOLOGICAL SCIENCES","PATH-BIO"
"704","PATHOLOGY AND LABORATORY MEDICINE","PATH"
"Biostatistics and Medical Informatics","210","B M I"
"826","LA FOLLETTE SCHOOL OF PUBLIC AFFAIRS","PUB AFFR"
"828","PUBLIC HEALTH","PUBLHLTH"
"Dairy Science","292","DY SCI"
"708","PEDIATRICS","PEDIAT"
"Pharmaceutical Sciences","718","PHM SCI"
"Nuclear Engineering","684","N E"
"International Business","235","INTL BUS"
"390","FOOD SCIENCE","FOOD SCI"
"Biochemistry","200","BIOCHEM"
"270","COUNSELING PSYCHOLOGY","COUN PSY"
"271","CONSUMER SCIENCE","CNSR SCI"
"272","CURRICULUM AND INSTRUCTION","CURRIC"
"Industrial and Systems Engineering","490","I SY E"
"Molecular and Environmental Toxicology","362","M&ENVTOX"
"396","FOREST AND WILDLIFE ECOLOGY","F&W ECOL"
"156","ANTHROPOLOGY","ANTHRO"
"Neuroscience","681","NEURODPT"
"Rehabilitation Psychology and Special Education","194","RP & SE"
"832","RADIOLOGY","RADIOL"
"Naval Science","672","NAV SCI"
"Surgical Sciences","938","SURG SCI"
"Physiology","762","PHYSIOL"
"718","PHARMACEUTICAL SCIENCES","PHM SCI"
"Economics","296","ECON"
"Social Work","896","SOC WORK"
"History of Science","456","HIST SCI"
"Materials Science and Engineering","636","M S & E"
"Food Science","390","FOOD SCI"
"Dermatology","229","DERM"
"Environmental Studies - Gaylord Nelson Institute","360","ENVIR ST"
"Real Estate and Urban Land Economics","239","REAL EST"
"Information Systems","234","INFO SYS"
"Collaborative Nursing Program","691","CNP"
"Anatomy","144","ANATOMY"
"Operations and Technology Management","238","OTM"
"International Studies","504","INTL ST"
"Atmospheric and Oceanic Sciences","640","ATM OCN"
"Agroecology","130","AGROECOL"
"Medical History and Bioethics","452","MED HIST"
"Neurology","676","NEUROL"
"Chemistry","224","CHEM"
"168","ART DEPARTMENT","ART"
"840","REHABILITATION MEDICINE","RHAB MED"
"English as a Second Language","351","ESL"
"600","MATHEMATICS","MATH"
"963","GENDER AND WOMENS STUDIES","GEN&WS"
"724","PHARMACOLOGY","PHMCOL-M"
"604","ANIMAL SCIENCES","AN SCI"
"726","PHARMACY","PHARMACY"
"Integrated Science","503","INTEGSCI"
"Animal Sciences","604","AN SCI"
"728","PHARMACY PRACTICE","PHM PRAC"
"Philosophy","736","PHILOS"
"Human Oncology","480","H ONCOL"
"Public Health","828","PUBLHLTH"
"Biomolecular Chemistry","758","BMOLCHEM"
"Horticulture","476","HORT"
"Microbiology","192","MICROBIO"
"Zoology","970","ZOOLOGY"
"Educational Policy Studies","310","ED POL"
"Mathematics","600","MATH"
"292","DAIRY SCIENCE","DY SCI"
"295","EAST ASIAN LANGUAGES AND LITERATURE","E ASIAN"
"296","ECONOMICS","ECON"
"176","ART EDUCATION (DEPARTMENT OF ART)","ART ED"
"298","EAST ASIAN AREA STUDIES","E A STDS"
"970","ZOOLOGY","ZOOLOGY"
"Anatomy & Physiology","146","ANAT&PHY"
"732","SOCIAL AND ADMINISTRATIVE PHARMACY","S&A PHM"
"612","MECHANICAL ENGINEERING","M E"
"856","RELIGIOUS STUDIES","RELIG ST"
"736","PHILOSOPHY","PHILOS"
"616","MEDICAL GENETICS","MD GENET"
"East Asian Languages and Literature","295","E ASIAN"
"Mechanical Engineering","612","M E"
"Geological Engineering","418","G L E"
"Civil and Environmental Engineering","240","CIV ENGR"
"Curriculum and Instruction","272","CURRIC"
"Educational Leadership and Policy Analysis","305","ELPA"
"180","ART HISTORY","ART HIST"
"184","ASIAN AMERICAN STUDIES","ASIAN AM"
"185","ASIAN LANGUAGES AND CULTURES","ASIAN"
"Slavic (Slavic Languages)","888","SLAVIC"
"188","ASTRONOMY","ASTRON"
"American Indian Studies","140","AMER IND"
"741","DANCE","DANCE"
"620","MEDICAL MICROBIOLOGY AND IMMUNOLOGY","M M & I"
"742","KINESIOLOGY","KINES"
"500","INTEGRATED LIBERAL STUDIES","ILS"
"621","MEDICAL PHYSICS","MED PHYS"
"864","COMMUNITY AND ENVIRONMENTAL SOCIOLOGY","C&E SOC"
"622","MEDICAL SCIENCES - MEDICAL SCHOOL","MED SC-M"
"502","INTERDISCIPLINARY COURSES (L & S)","INTER-LS"
"623","MEDICAL SCIENCES - VETERINARY MEDICINE","MED SC-V"
"General Business","231","GEN BUS"
"Literature in Translation","551","LITTRANS"
"503","INTEGRATED SCIENCE","INTEGSCI"
"745","PHYSICAL THERAPY","PHY THER"
"Journalism and Mass Communication","512","JOURN"
"504","INTERNATIONAL STUDIES","INTL ST"
"508","ITALIAN (FRENCH AND ITALIAN)","ITALIAN"
"Languages and Cultures of Asia - Languages","522","LCA LANG"
"Pediatrics","708","PEDIAT"
"Actuarial Science","242","ACT SCI"
"Physician Assistant Program","750","PHY ASST"
"Entomology","355","ENTOM"
"Social and Administrative Pharmacy","732","S&A PHM"
"192","MICROBIOLOGY","MICROBIO"
"194","REHABILITATION PSYCHOLOGY AND SPECIAL EDUCATION","RP & SE"
"Ophthalmology and Visual Sciences","702","OPHTHALM"
"Pathology and Laboratory Medicine","704","PATH"
"750","PHYSICIAN ASSISTANT PROGRAM","PHY ASST"
"872","SCANDINAVIAN STUDIES","SCAND ST"
"510","JEWISH STUDIES","JEWISH"
"632","MEDICINE","MEDICINE"
"754","PHYSICS","PHYSICS"
"512","JOURNALISM AND MASS COMMUNICATION","JOURN"
"633","MEDIEVAL STUDIES","MEDIEVAL"
"875","SCIENCE AND TECHNOLOGY STUDIES","STS"
"Surgery","936","SURGERY"
"Agronomy","132","AGRONOMY"
"636","MATERIALS SCIENCE AND ENGINEERING","M S & E"
"758","BIOMOLECULAR CHEMISTRY","BMOLCHEM"
"Electrical and Computer Engineering","320","E C E"
"Community and Environmental Sociology","864","C&E SOC"
"Pharmacy Practice","728","PHM PRAC"
"Landscape Architecture","520","LAND ARC"
"640","ATMOSPHERIC AND OCEANIC SCIENCES","ATM OCN"
"882","SENIOR MEDICAL PROGRAM","SR MED"
"Population Health Sciences","810","POP HLTH"
"520","LANDSCAPE ARCHITECTURE","LAND ARC"
"762","PHYSIOLOGY","PHYSIOL"
"Educational Psychology","315","ED PSYCH"
"400","FRENCH (FRENCH AND ITALIAN)","FRENCH"
"521","LANGUAGES AND CULTURES OF ASIA","LCA"
"Occupational Therapy (Department of Kinesiology)","695","OCC THER"
"522","LANGUAGES AND CULTURES OF ASIA - LANGUAGES","LCA LANG"
"644","MILITARY SCIENCE","MIL SCI"
"Pharmacy","726","PHARMACY"
"524","LATIN (CLASSICS)","LATIN"
"766","PLANT PATHOLOGY","PL PATH"
"888","SLAVIC (SLAVIC LANGUAGES)","SLAVIC"
"525","LATIN AMERICAN, CARIBBEAN, AND IBERIAN STUDIES","LACIS"
"528","LAW","LAW"
"Anesthesiology","148","ANESTHES"
"Jewish Studies","510","JEWISH"
"La Follette School of Public Affairs","826","PUB AFFR"
"Military Science","644","MIL SCI"
"German","424","GERMAN"
"German, Nordic, and Slavic","425","GNS"
"Interdisciplinary Courses (CALS)","494","INTER-AG"
"Communication Arts","250","COM ARTS"
"Counseling Psychology","270","COUN PSY"
"Plant Pathology","766","PL PATH"
"650","MOLECULAR BIOLOGY","MOL BIOL"
"Medical Genetics","616","MD GENET"
"896","SOCIAL WORK","SOC WORK"
"412","GENETICS","GENETICS"
"Sociology","900","SOC"
"535","LEGAL STUDIES","LEGAL ST"
"Neurological Surgery","678","NEURSURG"
"778","POLITICAL SCIENCE","POLI SCI"
"416","GEOGRAPHY","GEOG"
"418","GEOLOGICAL ENGINEERING","G L E"
"Latin American, Caribbean, and Iberian Studies","525","LACIS"
"Cell and Regenerative Biology","217","CRB"
"Classics","244","CLASSICS"
"Medical Physics","621","MED PHYS"
"Finance, Investment and Banking","233","FINANCE"
"Latin (Classics)","524","LATIN"
"Applied Biotechnology","160","ABT"
"Farm & Industry Short Course","375","FISC"
"African Cultural Studies","104","AFRICAN"
"660","MUSIC","MUSIC"
"782","PORTUGUESE (SPANISH AND PORTUGUESE)","PORTUG"
"Art Department","168","ART"
"420","GEOSCIENCE","GEOSCI"
"Comparative Literature","260","COMP LIT"
"664","MUSIC-PERFORMANCE","MUS PERF"
"544","LIBRARY AND INFORMATION STUDIES","L I S"
"424","GERMAN","GERMAN"
"Physical Therapy","745","PHY THER"
"425","GERMAN, NORDIC, AND SLAVIC","GNS"
"305","EDUCATIONAL LEADERSHIP AND POLICY ANALYSIS","ELPA"
"428","GREEK (CLASSICS)","GREEK"
"Patho-Biological Sciences","703","PATH-BIO"
"Psychiatry","814","PSYCHIAT"
"Astronomy","188","ASTRON"
"Engineering Mechanics and Astronautics","346","E M A"
"Geography","416","GEOG"
"Law","528","LAW"
"Molecular Biology","650","MOL BIOL"
"Biological Systems Engineering","112","BSE"
"Legal Studies","535","LEGAL ST"
"Languages and Cultures of Asia","521","LCA"
"Obstetrics and Gynecology","436","OBS&GYN"
"550","LINGUISTICS","LINGUIS"
"672","NAVAL SCIENCE","NAV SCI"
"551","LITERATURE IN TRANSLATION","LITTRANS"
"Forest and Wildlife Ecology","396","F&W ECOL"
"310","EDUCATIONAL POLICY STUDIES","ED POL"
"676","NEUROLOGY","NEUROL"
"315","EDUCATIONAL PSYCHOLOGY","ED PSYCH"
"436","OBSTETRICS AND GYNECOLOGY","OBS&GYN"
"678","NEUROLOGICAL SURGERY","NEURSURG"
"Genetics","412","GENETICS"
"Library and Information Studies","544","L I S"
"Engineering Professional Development","348","E P D"
"Chicana/o and Latina/o Studies","228","CHICLA"
"Air Force Aerospace Studies","102","A F AERO"
"681","NEUROSCIENCE","NEURODPT"
"682","NEUROSCIENCE TRAINING PROGRAM","NTP"
"320","ELECTRICAL AND COMPUTER ENGINEERING","E C E"
"441","HEBREW-BIBLICAL","HEBR-BIB"
"Soil Science","908","SOIL SCI"
"684","NUCLEAR ENGINEERING","N E"
"200","BIOCHEMISTRY","BIOCHEM"
"442","HEBREW-MODERN","HEBR-MOD"
"Greek (Classics)","428","GREEK"
"205","BIOLOGY","BIOLOGY"
"Chemical and Biological Engineering","220","CBE"
"448","HISTORY","HISTORY"
"206","BIOLOGY CORE CURRICULUM","BIOCORE"
"French (French and Italian)","400","FRENCH"
"Radiology","832","RADIOL"
"207","BIOMEDICAL ENGINEERING","B M E"
"Asian American Studies","184","ASIAN AM"
"208","BOTANY","BOTANY"
"Rehabilitation Medicine","840","RHAB MED"
"Italian (French and Italian)","508","ITALIAN"
"East Asian Area Studies","298","E A STDS"
"Anthropology","156","ANTHRO"
"Biology Core Curriculum","206","BIOCORE"
"691","COLLABORATIVE NURSING PROGRAM","CNP"
"692","NURSING","NURSING"
"Marketing","237","MARKETNG"
"330","EMERGENCY MEDICINE","EMER MED"
"Biomedical Engineering","207","B M E"
"694","NUTRITIONAL SCIENCES","NUTR SCI"
"452","MEDICAL HISTORY AND BIOETHICS","MED HIST"
"210","BIOSTATISTICS AND MEDICAL INFORMATICS","B M I"
"Afro-American Studies","106","AFROAMER"
"695","OCCUPATIONAL THERAPY (DEPARTMENT OF KINESIOLOGY)","OCC THER"
"456","HISTORY OF SCIENCE","HIST SCI"
"Neuroscience Training Program","682","NTP"
"217","CELL AND REGENERATIVE BIOLOGY","CRB"
"Religious Studies","856","RELIG ST"
"Interdisciplinary Courses (SOHE)","498","INTER-HE"
"Pharmacology","724","PHMCOL-M"
"Medical Microbiology and Immunology","620","M M & I"
"Political Science","778","POLI SCI"
"Family Medicine","370","FAM MED"
"220","CHEMICAL AND BIOLOGICAL ENGINEERING","CBE"
"English","352","ENGL"
"Art History","180","ART HIST"
"Medical Sciences - Veterinary Medicine","623","MED SC-V"
"102","AIR FORCE AEROSPACE STUDIES","A F AERO"
"224","CHEMISTRY","CHEM"
"Computer Sciences","266","COMP SCI"
"346","ENGINEERING MECHANICS AND ASTRONAUTICS","E M A"
"104","AFRICAN CULTURAL STUDIES","AFRICAN"
"347","ENGINEERING PHYSICS","E P"
"Life Sciences Communication","120","LSC"
"Spanish (Spanish and Portuguese)","912","SPANISH"
"106","AFRO-AMERICAN STUDIES","AFROAMER"
"348","ENGINEERING PROFESSIONAL DEVELOPMENT","E P D"
"228","CHICANA/O AND LATINA/O STUDIES","CHICLA"
"Communication Sciences and Disorders","252","CS&D"
"900","SOCIOLOGY","SOC"
"108","AGRICULTURAL AND APPLIED ECONOMICS","A A E"
"Nutritional Sciences","694","NUTR SCI"
"Theatre and Drama","942","THEATRE"
"Kinesiology","742","KINES"
